Azizul Zahid,,,,,,,,,,,,,,,,,,,,,,,,
Wrap:,TRUE,,,,,,,,,,,,,,,,,,,,,,,
K(states):,5,,,,,,,,,,,,,,,,,,,,,,,
Radius:,1,,,,,,,,,,,,,,,,,,,,,,,
Quiescence:,TRUE,,,,,,,,,,,,,,,,,,,,,,,
random seed:,1707325706,,,,,,,,,,,,,,,,,,,,,,,
,,,,,,,,,,,,,,,,,,,,,,,,
,,,,,,,,,,,,,,,,,,,,,,,,
Experiment #:,0,,,,,,,,,,,,,,,,18,,,,,,,
Rule:,4.13E+11,,,,,,,,,,,,,,,,,,,,,,,
Step,Entry Zeroed,Class,Lambda,Lambda_t,H,H_t,Zeta,Observations,,,,,,,,,,,,,,,,
0,-,4,0.992,0.923076923,1.921242809,2.199687795,0.568746268,"It has both chaotic and pattern characteristics, but I am going with class 4",,,,,,,,,,,,,Standard Deviation,,,
1,2,4,0.944,0.846153846,2.053177307,2.257756064,0.633246411,"It has both chaotic and pattern characteristics, but I am going with class 4",,,,,,,,,,,,,Class 1,class 2,class 3,class 4
2,8,3,0.824,0.769230769,2.258797526,2.295465679,0.755411443,Chaotic,,,,,,,,,,,,Lambda,0.256201475,0.214979225,0.241132906,0.226337477
3,5,3,0.68,0.692307692,2.040510728,2.199687795,0.822132552,Chaotic,,,,,,,,,,,,Lambda_t,0.230321128,0.206911554,0.219816945,0.233724996
4,1,3,0.656,0.615384615,2.024968907,2.133937566,0.951317552,Chaotic,,,,,,,,,,,,H,0.677370635,0.325447397,0.391275834,0.283551923
5,10,3,0.608,0.538461538,1.97372398,1.987773371,1.090900655,Chaotic,,,,,,,,,,,,H_t,0.680666883,0.287993596,0.428049866,0.402700426
6,11,3,0.584,0.461538462,1.841346416,1.669180337,1.18683609,"Though it has some pattern, but mostly chaotic",,,,,,,,,,,,Zeta,0.964718054,0.367690198,0.494380554,0.525467878
7,12,3,0.576,0.384615385,1.827264194,1.488525295,1.361071001,"Though it has some pattern, but mostly chaotic",,,,,,,,,,,,,,,,
8,7,4,0.432,0.307692308,1.666707572,1.352030102,1.614873845,"Mixed of periodic and chaotic pattern, but periodic pattern is dominant",,,,,,,,,,,,,Average,,,
9,3,4,0.352,0.230769231,1.477295382,1.145110414,1.970676308,"Mixed of periodic and chaotic pattern, but periodic pattern is dominant",,,,,,,,,,,,,Class 1, Class 2,Class 3,Class 4
10,9,4,0.272,0.153846154,1.113597933,0.773228349,2.545638427,"Mixed of periodic and chaotic pattern, but periodic pattern is dominant",,,,,,,,,,,,Lambda,0.289676647,0.774857143,0.654541176,0.690222222
11,6,1,0.12,0.076923077,0.529360865,0.391243564,3.442762858,Fixed and homogenous,,,,,,,,,,,,Lambda_t,0.252878858,0.692307692,0.602262443,0.61965812
12,4,1,0,0,0,0,3.333333333,Fixed and homogenous,,,,,,,,,,,,H,0.946342698,1.726960187,1.750446149,1.830584379
,,,,,,,,,,,,,,,,,,,,H_t,0.935365518,1.922266096,1.811572016,1.877611645
,,,,,,,,,,,,,,,,,,,,Zeta,2.299309183,0.966978769,1.09371798,1.082639449
Experiment #:,1,,,,,,,,,,,,,,,,,,,,,,,
Rule:,4.34E+11,,,,,,,,,,,,,,,,,,,,,,,
Step,Entry Zeroed,Class,Lambda,Lambda_t,H,H_t,Zeta,Observations,,,,,,,,,,,,,,,,
0,-,3,0.992,0.923076923,1.101344998,1.573402452,0.417975356,"chaotic, no pattern",,,,,,,,,,,,,,,,
1,8,3,0.872,0.846153846,1.480706357,1.738149333,0.542221609,"chaotic, no pattern",,,,,,,,,,,,,,,,
2,12,3,0.864,0.769230769,1.43681141,1.52623491,0.598898091,"chaotic, no pattern",,,,,,,,,,,,,,,,
3,2,3,0.816,0.692307692,1.49908308,1.52623491,0.715279412,"chaotic, no pattern",,,,,,,,,,,,,,,,
4,6,3,0.664,0.615384615,1.579296635,1.548580607,0.842193903,"chaotic, no pattern",,,,,,,,,,,,,,,,
5,10,3,0.616,0.538461538,1.5598472,1.52623491,0.981568477,"chaotic, no pattern",,,,,,,,,,,,,,,,
6,5,3,0.472,0.461538462,1.468856002,1.419556299,1.135537122,"chaotic, no pattern",,,,,,,,,,,,,,,,
7,11,3,0.448,0.384615385,1.440183779,1.334679141,1.327266994,"chaotic, no pattern",,,,,,,,,,,,,,,,
8,7,3,0.304,0.307692308,1.138893861,1.140115679,1.560470005,"chaotic, no pattern",,,,,,,,,,,,,,,,
9,9,3,0.224,0.230769231,0.767404417,0.779349837,1.873196312,"chaotic, no pattern",,,,,,,,,,,,,,,,
10,4,1,0.104,0.153846154,0.481548544,0.619382195,2.391139814,Fixed and homogenous,,,,,,,,,,,,,,,,
11,1,1,0.08,0.076923077,0.40217919,0.391243564,3.452484387,Fixed and homogenous,,,,,,,,,,,,,,,,
12,3,1,0,0,0,0,3.333333333,Fixed and homogenous,,,,,,,,,,,,,,,,
,,,,,,,,,,,,,,,,,,,,,,,,
,,,,,,,,,,,,,,,,,,,,,,,,
Experiment #:,2,,,,,,,,,,,,,,,,,,,,,,,
Rule:,1.41E+11,,,,,,,,,,,,,,,,,,,,,,,
Step,Entry Zeroed,Class,Lambda,Lambda_t,H,H_t,Zeta,Observations,,,,,,,,,,,,,,,,
0,-,2,0.992,0.923076923,1.919538735,2.16197818,0.609369496,Mixed of homogenous and periodic pattern lines,,,,,,,,,,,,,,,,
1,1,4,0.968,0.846153846,2.023834194,2.257756064,0.677717287,Periodic dominant,,,,,,,,,,,,,,,,
2,9,3,0.888,0.769230769,2.179932904,2.295465679,0.802610368,Chaotic dominant,,,,,,,,,,,,,,,,
3,12,3,0.88,0.692307692,2.180702912,2.199687795,0.921799,Chaotic dominant,,,,,,,,,,,,,,,,
4,2,1,0.832,0.615384615,2.180702912,2.075869297,1.052499733,Fixed and homogenous,,,,,,,,,,,,,,,,
5,5,1,0.688,0.538461538,2.225390044,1.987773371,1.147484652,Fixed and homogenous,,,,,,,,,,,,,,,,
6,7,1,0.544,0.461538462,2.025730945,1.823026491,1.249745338,Fixed and homogenous,,,,,,,,,,,,,,,,
7,8,1,0.424,0.384615385,1.600478862,1.488525295,1.436030872,Fixed and homogenous,,,,,,,,,,,,,,,,
8,11,1,0.4,0.307692308,1.565140713,1.352030102,1.710843776,Fixed and homogenous,,,,,,,,,,,,,,,,
9,10,1,0.352,0.230769231,1.477295382,1.145110414,2.094373392,Fixed and homogenous,,,,,,,,,,,,,,,,
10,4,1,0.232,0.153846154,0.997093854,0.773228349,2.728263839,Fixed and homogenous,,,,,,,,,,,,,,,,
11,3,1,0.152,0.076923077,0.614822757,0.391243564,3.449057477,Fixed and homogenous,,,,,,,,,,,,,,,,
12,6,1,0,0,0,0,3.333333333,Fixed and homogenous,,,,,,,,,,,,,,,,
,,,,,,,,,,,,,,,,,,,,,,,,
,,,,,,,,,,,,,,,,,,,,,,,,
Experiment #:,3,,,,,,,,,,,,,,,,,,,,,,,
Rule:,1.22E+11,,,,,,,,,,,,,,,,,,,,,,,
Step,Entry Zeroed,Class,Lambda,Lambda_t,H,H_t,Zeta,Observations,,,,,,,,,,,,,,,,
0,-,3,0.992,0.923076923,1.762377025,2.038159682,0.60031423,Chaotic,,,,,,,,,,,,,,,,
1,8,2,0.872,0.846153846,2.019109718,2.133937566,0.678076946,Periodic dominant,,,,,,,,,,,,,,,,
2,7,3,0.728,0.769230769,1.903554425,2.133937566,0.755716809,Chaotic,,,,,,,,,,,,,,,,
3,11,3,0.704,0.692307692,1.831385222,2.038159682,0.834639802,Chaotic,,,,,,,,,,,,,,,,
4,3,3,0.624,0.615384615,1.86049927,2.038159682,0.963287633,Chaotic,,,,,,,,,,,,,,,,
5,10,3,0.576,0.538461538,1.854717589,1.987773371,1.106633608,Chaotic,,,,,,,,,,,,,,,,
6,12,3,0.568,0.461538462,1.840417589,1.823026491,1.28997057,Chaotic,,,,,,,,,,,,,,,,
7,9,3,0.488,0.384615385,1.520283238,1.488525295,1.437746073,Chaotic,,,,,,,,,,,,,,,,
8,2,2,0.44,0.307692308,1.484521627,1.352030102,1.708987463,Periodic dominant,,,,,,,,,,,,,,,,
9,1,2,0.416,0.230769231,1.340101675,0.991264261,1.950592293,Periodic dominant,,,,,,,,,,,,,,,,
10,6,1,0.264,0.153846154,1.095146613,0.773228349,2.467532468,Fixed and homogenous,,,,,,,,,,,,,,,,
11,5,1,0.12,0.076923077,0.529360865,0.391243564,3.449057477,Fixed and homogenous,,,,,,,,,,,,,,,,
12,4,1,0,0,0,0,3.333333333,Fixed and homogenous,,,,,,,,,,,,,,,,
,,,,,,,,,,,,,,,,,,,,,,,,
,,,,,,,,,,,,,,,,,,,,,,,,
Experiment #:,4,,,,,,,,,,,,,,,,,,,,,,,
Rule:,2.44E+11,,,,,,,,,,,,,,,,,,,,,,,
Step,Entry Zeroed,Class,Lambda,Lambda_t,H,H_t,Zeta,Observations,,,,,,,,,,,,,,,,
0,-,2,0.992,0.923076923,1.790043831,2.075869297,0.599282812,Periodic pattern,,,,,,,,,,,,,,,,
1,12,3,0.984,0.846153846,1.815621851,2.133937566,0.660790764,Chaotic and no pattern,,,,,,,,,,,,,,,,
2,1,3,0.96,0.769230769,1.886820992,2.133937566,0.762800683,Chaotic and no pattern,,,,,,,,,,,,,,,,
3,10,3,0.912,0.692307692,1.958354389,2.038159682,0.86872741,Chaotic and no pattern,,,,,,,,,,,,,,,,
4,2,3,0.864,0.615384615,2.060786244,2.038159682,1.009658555,Chaotic and no pattern,,,,,,,,,,,,,,,,
5,8,3,0.744,0.538461538,2.188149296,1.987773371,1.170754748,Chaotic and no pattern,,,,,,,,,,,,,,,,
6,4,1,0.624,0.461538462,2.169411461,1.88109476,1.361071001,Fixed and homogenous,,,,,,,,,,,,,,,,
7,11,1,0.6,0.384615385,2.119485876,1.700439718,1.483664882,Fixed and homogenous,,,,,,,,,,,,,,,,
8,7,1,0.456,0.307692308,1.876541822,1.505876256,1.764137283,Fixed and homogenous,,,,,,,,,,,,,,,,
9,3,1,0.376,0.230769231,1.53178487,1.145110414,2.094373392,Fixed and homogenous,,,,,,,,,,,,,,,,
10,6,1,0.224,0.153846154,0.978028471,0.773228349,2.728263839,Fixed and homogenous,,,,,,,,,,,,,,,,
11,9,1,0.144,0.076923077,0.594619344,0.391243564,3.449057477,Fixed and homogenous,,,,,,,,,,,,,,,,
12,5,1,0,0,0,0,3.333333333,Fixed and homogenous,,,,,,,,,,,,,,,,
,,,,,,,,,,,,,,,,,,,,,,,,
,,,,,,,,,,,,,,,,,,,,,,,,
Experiment #:,5,,,,,,,,,,,,,,,,,,,,,,,
Rule:,1.12E+11,,,,,,,,,,,,,,,,,,,,,,,
Step,Entry Zeroed,Class,Lambda,Lambda_t,H,H_t,Zeta,Observations,,,,,,,,,,,,,,,,
0,-,4,0.992,0.923076923,1.985941412,2.10390991,0.59576374,Mixed of localized and periodic pattern,,,,,,,,,,,,,,,,
1,3,2,0.912,0.846153846,2.176651464,2.16197818,0.709307093,mostly periodic,,,,,,,,,,,,,,,,
2,2,2,0.864,0.769230769,2.222527443,2.199687795,0.783641999,mostly periodic,,,,,,,,,,,,,,,,
3,9,4,0.784,0.692307692,2.289296726,2.199687795,0.916044492,Mixed of localized and periodic pattern,,,,,,,,,,,,,,,,
4,8,3,0.664,0.615384615,2.156611973,2.133937566,1.001071185,mostly chaotic and little bit of pattern,,,,,,,,,,,,,,,,
5,7,3,0.52,0.538461538,2.004913034,2.045841641,1.163904139,mostly chaotic and little bit of pattern,,,,,,,,,,,,,,,,
6,5,3,0.376,0.461538462,1.518598735,1.727248606,1.302049796,mostly chaotic and little bit of pattern,,,,,,,,,,,,,,,,
7,1,2,0.352,0.384615385,1.436623318,1.546593564,1.445632211,periodic with homogenous states,,,,,,,,,,,,,,,,
8,11,2,0.328,0.307692308,1.388383794,1.352030102,1.710843776,periodic with homogenous states,,,,,,,,,,,,,,,,
9,6,1,0.176,0.230769231,0.82002965,0.991264261,2.080006398,Fixed and homogenous,,,,,,,,,,,,,,,,
10,12,1,0.168,0.153846154,0.798113368,0.773228349,2.728263839,Fixed and homogenous,,,,,,,,,,,,,,,,
11,10,1,0.12,0.076923077,0.529360865,0.391243564,3.449057477,Fixed and homogenous,,,,,,,,,,,,,,,,
12,4,1,0,0,0,0,3.333333333,Fixed and homogenous,,,,,,,,,,,,,,,,
,,,,,,,,,,,,,,,,,,,,,,,,
,,,,,,,,,,,,,,,,,,,,,,,,
Experiment #:,6,,,,,,,,,,,,,,,,,,,,,,,
Rule:,1.42E+11,,,,,,,,,,,,,,,,,,,,,,,
Step,Entry Zeroed,Class,Lambda,Lambda_t,H,H_t,Zeta,Observations,,,,,,,,,,,,,,,,
0,-,4,0.992,0.923076923,1.287398507,1.88109476,0.502735087,Periodic pattern with some abrupt change and pattern,,,,,,,,,,,,,,,,
1,8,3,0.872,0.846153846,1.710124318,2.045841641,0.622266683,mostly chaotic and little bit of pattern,,,,,,,,,,,,,,,,
2,4,3,0.752,0.769230769,1.892872506,2.133937566,0.742359053,mostly chaotic and little bit of pattern,,,,,,,,,,,,,,,,
3,1,1,0.728,0.692307692,1.801723298,2.038159682,0.803535679,Fixed and homogenous,,,,,,,,,,,,,,,,
4,10,1,0.68,0.615384615,1.830465447,2.038159682,0.937158084,Fixed and homogenous,,,,,,,,,,,,,,,,
5,5,1,0.536,0.538461538,1.807818284,1.987773371,1.087166826,Fixed and homogenous,,,,,,,,,,,,,,,,
6,9,1,0.456,0.461538462,1.721769686,1.88109476,1.26163125,Fixed and homogenous,,,,,,,,,,,,,,,,
7,11,1,0.432,0.384615385,1.677733235,1.700439718,1.483664882,Fixed and homogenous,,,,,,,,,,,,,,,,
8,12,1,0.424,0.307692308,1.616912798,1.352030102,1.620319496,Fixed and homogenous,,,,,,,,,,,,,,,,
9,7,1,0.28,0.230769231,1.09712457,0.991264261,1.971446207,Fixed and homogenous,,,,,,,,,,,,,,,,
10,6,1,0.128,0.153846154,0.674095106,0.773228349,2.545638427,Fixed and homogenous,,,,,,,,,,,,,,,,
11,3,1,0.048,0.076923077,0.277839574,0.391243564,3.452484387,Fixed and homogenous,,,,,,,,,,,,,,,,
12,2,1,0,0,0,0,3.333333333,Fixed and homogenous,,,,,,,,,,,,,,,,
,,,,,,,,,,,,,,,,,,,,,,,,
,,,,,,,,,,,,,,,,,,,,,,,,
Experiment #:,7,,,,,,,,,,,,,,,,,,,,,,,
Rule:,3.44E+11,,,,,,,,,,,,,,,,,,,,,,,
Step,Entry Zeroed,Class,Lambda,Lambda_t,H,H_t,Zeta,Observations,,,,,,,,,,,,,,,,
0,-,3,0.992,0.923076923,2.00516831,2.199687795,0.576664007,Chaotic,,,,,,,,,,,,,,,,
1,5,3,0.848,0.846153846,2.059353555,2.199687795,0.679140494,Chaotic,,,,,,,,,,,,,,,,
2,11,3,0.824,0.769230769,1.958217672,1.987773371,0.782967578,Chaotic,,,,,,,,,,,,,,,,
3,6,3,0.672,0.692307692,1.927329575,1.950063756,0.914096191,Chaotic,,,,,,,,,,,,,,,,
4,1,2,0.648,0.615384615,1.894529032,1.826245258,1.060738916,Periodic,,,,,,,,,,,,,,,,
5,4,2,0.528,0.538461538,1.712902921,1.738149333,1.14111454,Periodic,,,,,,,,,,,,,,,,
6,3,1,0.448,0.461538462,1.642968188,1.669180337,1.331984538,Fixed and homogenous,,,,,,,,,,,,,,,,
7,8,1,0.328,0.384615385,1.188063251,1.334679141,1.571040706,Fixed and homogenous,,,,,,,,,,,,,,,,
8,7,1,0.184,0.307692308,0.872498823,1.198183948,1.905028105,Fixed and homogenous,,,,,,,,,,,,,,,,
9,2,1,0.136,0.230769231,0.7010533,0.991264261,2.405516006,Fixed and homogenous,,,,,,,,,,,,,,,,
10,9,1,0.056,0.153846154,0.344491046,0.773228349,2.838589981,Fixed and homogenous,,,,,,,,,,,,,,,,
11,10,1,0.008,0.076923077,0.067221545,0.391243564,3.427411234,Fixed and homogenous,,,,,,,,,,,,,,,,
12,12,1,0,0,0,0,3.333333333,Fixed and homogenous,,,,,,,,,,,,,,,,
,,,,,,,,,,,,,,,,,,,,,,,,
,,,,,,,,,,,,,,,,,,,,,,,,
Experiment #:,8,,,,,,,,,,,,,,,,,,,,,,,
Rule:,4.32E+11,,,,,,,,,,,,,,,,,,,,,,,
Step,Entry Zeroed,Class,Lambda,Lambda_t,H,H_t,Zeta,Observations,,,,,,,,,,,,,,,,
0,-,3,0.992,0.923076923,1.876701658,2.075869297,0.55304871,Chaotic and no pattern,,,,,,,,,,,,,,,,
1,10,3,0.944,0.846153846,2.01147732,2.133937566,0.616612618,Chaotic and no pattern,,,,,,,,,,,,,,,,
2,11,3,0.92,0.769230769,2.042109931,2.075869297,0.679140494,Chaotic and no pattern,,,,,,,,,,,,,,,,
3,5,3,0.776,0.692307692,2.208559152,2.10390991,0.802780608,Chaotic and no pattern,,,,,,,,,,,,,,,,
4,3,3,0.696,0.615384615,1.955790938,1.826245258,0.914096191,Chaotic and no pattern,,,,,,,,,,,,,,,,
5,1,3,0.672,0.538461538,1.951102198,1.738149333,1.059100351,Chaotic and no pattern,,,,,,,,,,,,,,,,
6,6,3,0.52,0.461538462,1.518756751,1.419556299,1.142717018,Chaotic and no pattern,,,,,,,,,,,,,,,,
7,12,3,0.512,0.384615385,1.511223731,1.334679141,1.331984538,Chaotic and no pattern,,,,,,,,,,,,,,,,
8,2,3,0.464,0.307692308,1.453869193,1.198183948,1.571040706,Chaotic and no pattern,,,,,,,,,,,,,,,,
9,7,3,0.32,0.230769231,1.209800339,0.991264261,1.905028105,Chaotic and no pattern,,,,,,,,,,,,,,,,
10,8,3,0.2,0.153846154,0.916118214,0.773228349,2.423984807,Chaotic and no pattern,,,,,,,,,,,,,,,,
11,9,3,0.12,0.076923077,0.529360865,0.391243564,3.452484387,Chaotic and no pattern,,,,,,,,,,,,,,,,
12,4,1,0,0,0,0,3.333333333,Fixed and homogenous,,,,,,,,,,,,,,,,
,,,,,,,,,,,,,,,,,,,,,,,,
,,,,,,,,,,,,,,,,,,,,,,,,
Experiment #:,9,,,,,,,,,,,,,,,,,,,,,,,
Rule:,3.21E+11,,,,,,,,,,,,,,,,,,,,,,,
Step,Entry Zeroed,Class,Lambda,Lambda_t,H,H_t,Zeta,Observations,,,,,,,,,,,,,,,,
0,-,3,0.992,0.923076923,2.021434926,2.199687795,0.528292322,Chaotic and no pattern,,,,,,,,,,,,,,,,
1,6,3,0.84,0.846153846,2.295034094,2.257756064,0.633246411,Chaotic and no pattern,,,,,,,,,,,,,,,,
2,12,3,0.832,0.769230769,2.2970917,2.257756064,0.745918011,Chaotic and no pattern,,,,,,,,,,,,,,,,
3,4,3,0.712,0.692307692,2.209079617,2.16197818,0.814916086,Chaotic and no pattern,,,,,,,,,,,,,,,,
4,5,3,0.568,0.615384615,1.968141216,2.038159682,0.93789916,Chaotic and no pattern,,,,,,,,,,,,,,,,
5,8,3,0.448,0.538461538,1.696178244,1.891995487,1.072387245,Chaotic and no pattern,,,,,,,,,,,,,,,,
6,10,3,0.4,0.461538462,1.45487073,1.573402452,1.224816685,Chaotic and no pattern,,,,,,,,,,,,,,,,
7,11,3,0.376,0.384615385,1.425220167,1.488525295,1.436030872,Chaotic and no pattern,,,,,,,,,,,,,,,,
8,1,3,0.352,0.307692308,1.390881533,1.352030102,1.710843776,Chaotic and no pattern,,,,,,,,,,,,,,,,
9,2,1,0.304,0.230769231,1.138893861,0.991264261,2.080006398,Fixed and homogenous,,,,,,,,,,,,,,,,
10,3,1,0.224,0.153846154,0.767404417,0.619382195,2.405516006,Fixed and homogenous,,,,,,,,,,,,,,,,
11,7,1,0.08,0.076923077,0.40217919,0.391243564,3.449057477,Fixed and homogenous,,,,,,,,,,,,,,,,
12,9,1,0,0,0,0,3.333333333,Fixed and homogenous,,,,,,,,,,,,,,,,
,,,,,,,,,,,,,,,,,,,,,,,,
,,,,,,,,,,,,,,,,,,,,,,,,
Experiment #:,10,,,,,,,,,,,,,,,,,,,,,,,
Rule:,2.12E+11,,,,,,,,,,,,,,,,,,,,,,,
Step,Entry Zeroed,Class,Lambda,Lambda_t,H,H_t,Zeta,Observations,,,,,,,,,,,,,,,,
0,-,2,0.992,0.923076923,1.642418917,2.038159682,0.63538389,Periodic,,,,,,,,,,,,,,,,
1,2,2,0.944,0.846153846,1.777194579,2.133937566,0.709307093,Periodic,,,,,,,,,,,,,,,,
2,9,1,0.864,0.769230769,1.85488981,2.075869297,0.797774867,Fixed and homogenous,,,,,,,,,,,,,,,,
3,7,1,0.72,0.692307692,1.575054712,1.826245258,0.851074475,Fixed and homogenous,,,,,,,,,,,,,,,,
4,12,1,0.712,0.615384615,1.569266194,1.76049503,0.951375183,Fixed and homogenous,,,,,,,,,,,,,,,,
5,4,1,0.592,0.538461538,1.617943842,1.738149333,1.104610722,Fixed and homogenous,,,,,,,,,,,,,,,,
6,8,1,0.472,0.461538462,1.354684414,1.573402452,1.229087028,Fixed and homogenous,,,,,,,,,,,,,,,,
7,1,1,0.448,0.384615385,1.343236076,1.488525295,1.437746073,Fixed and homogenous,,,,,,,,,,,,,,,,
8,11,1,0.424,0.307692308,1.199303876,1.140115679,1.658247788,Fixed and homogenous,,,,,,,,,,,,,,,,
9,3,1,0.344,0.230769231,1.129153773,0.991264261,2.020716706,Fixed and homogenous,,,,,,,,,,,,,,,,
10,5,1,0.2,0.153846154,0.880936151,0.773228349,2.590948311,Fixed and homogenous,,,,,,,,,,,,,,,,
11,6,1,0.048,0.076923077,0.277839574,0.391243564,3.427411234,Fixed and homogenous,,,,,,,,,,,,,,,,
12,10,1,0,0,0,0,3.333333333,Fixed and homogenous,,,,,,,,,,,,,,,,
,,,,,,,,,,,,,,,,,,,,,,,,
,,,,,,,,,,,,,,,,,,,,,,,,
Experiment #:,11,,,,,,,,,,,,,,,,,,,,,,,
Rule:,3.43E+11,,,,,,,,,,,,,,,,,,,,,,,
Step,Entry Zeroed,Class,Lambda,Lambda_t,H,H_t,Zeta,Observations,,,,,,,,,,,,,,,,
0,-,2,0.992,0.923076923,0.840979339,1.700439718,0.428268055,Periodic,,,,,,,,,,,,,,,,
1,1,2,0.968,0.846153846,0.971910307,1.88109476,0.55304871,Periodic,,,,,,,,,,,,,,,,
2,5,2,0.824,0.769230769,1.397859037,1.987773371,0.673468595,Periodic,,,,,,,,,,,,,,,,
3,10,3,0.776,0.692307692,1.478557173,2.038159682,0.797590665,Pattern mixed with chaotic and periodic characteristics,,,,,,,,,,,,,,,,
4,6,2,0.624,0.615384615,1.609116595,2.038159682,0.931761502,Periodic,,,,,,,,,,,,,,,,
5,8,3,0.504,0.538461538,1.595828739,1.987773371,1.083109843,Chaotic,,,,,,,,,,,,,,,,
6,12,3,0.496,0.461538462,1.536561028,1.669180337,1.231873654,Chaotic,,,,,,,,,,,,,,,,
7,3,2,0.416,0.384615385,1.469167595,1.546593564,1.4443437,Periodic,,,,,,,,,,,,,,,,
8,4,1,0.296,0.307692308,1.267836125,1.352030102,1.72315881,Fixed and homogenous,,,,,,,,,,,,,,,,
9,2,1,0.248,0.230769231,1.13247092,1.145110414,2.127883833,Fixed and homogenous,,,,,,,,,,,,,,,,
10,9,1,0.168,0.153846154,0.752510139,0.773228349,2.728263839,Fixed and homogenous,,,,,,,,,,,,,,,,
11,7,1,0.024,0.076923077,0.163345543,0.391243564,3.427411234,Fixed and homogenous,,,,,,,,,,,,,,,,
12,11,1,0,0,0,0,3.333333333,Fixed and homogenous,,,,,,,,,,,,,,,,
,,,,,,,,,,,,,,,,,,,,,,,,
,,,,,,,,,,,,,,,,,,,,,,,,
Experiment #:,12,,,,,,,,,,,,,,,,,,,,,,,
Rule:,3.42E+11,,,,,,,,,,,,,,,,,,,,,,,
Step,Entry Zeroed,Class,Lambda,Lambda_t,H,H_t,Zeta,Observations,,,,,,,,,,,,,,,,
0,-,3,0.992,0.923076923,1.832419031,2.199687795,0.569147622,Periodic pattern with some abrupt change and pattern,,,,,,,,,,,,,,,,
1,12,3,0.984,0.846153846,1.849552707,2.199687795,0.668940021,Periodic pattern with some abrupt change and pattern,,,,,,,,,,,,,,,,
2,6,3,0.832,0.769230769,2.113965655,2.23739741,0.791946258,Chaotic and no pattern,,,,,,,,,,,,,,,,
3,2,3,0.784,0.692307692,1.948897482,1.987773371,0.880895292,Chaotic and no pattern,,,,,,,,,,,,,,,,
4,11,3,0.76,0.615384615,1.946375704,1.922023143,1.020576487,Chaotic and no pattern,,,,,,,,,,,,,,,,
5,7,4,0.616,0.538461538,1.935227144,1.833927218,1.124106563,Localized periodic pattern,,,,,,,,,,,,,,,,
6,9,1,0.536,0.461538462,1.838127865,1.669180337,1.236443537,Fixed and homogenous,,,,,,,,,,,,,,,,
7,5,1,0.392,0.384615385,1.357960318,1.334679141,1.360084729,Fixed and homogenous,,,,,,,,,,,,,,,,
8,10,1,0.344,0.307692308,1.265989731,1.198183948,1.609937307,Fixed and homogenous,,,,,,,,,,,,,,,,
9,3,1,0.264,0.230769231,1.095146613,0.991264261,1.930830087,Fixed and homogenous,,,,,,,,,,,,,,,,
10,8,1,0.144,0.153846154,0.594619344,0.619382195,2.405516006,Fixed and homogenous,,,,,,,,,,,,,,,,
11,1,1,0.12,0.076923077,0.529360865,0.391243564,3.449057477,Fixed and homogenous,,,,,,,,,,,,,,,,
12,4,1,0,0,0,0,3.333333333,Fixed and homogenous,,,,,,,,,,,,,,,,
,,,,,,,,,,,,,,,,,,,,,,,,
,,,,,,,,,,,,,,,,,,,,,,,,
Experiment #:,13,,,,,,,,,,,,,,,,,,,,,,,
Rule:,2.43E+11,,,,,,,,,,,,,,,,,,,,,,,
Step,Entry Zeroed,Class,Lambda,Lambda_t,H,H_t,Zeta,Observations,,,,,,,,,,,,,,,,
0,-,1,0.992,0.923076923,1.144515991,1.669180337,0.391593048,Fixed and homogenous,,,,,,,,,,,,,,,,
1,7,1,0.848,0.846153846,1.409967174,1.727248606,0.512470449,Fixed and homogenous,,,,,,,,,,,,,,,,
2,4,1,0.728,0.769230769,1.28569339,1.669180337,0.623660645,Fixed and homogenous,,,,,,,,,,,,,,,,
3,11,1,0.704,0.692307692,1.313616904,1.738149333,0.745918011,Fixed and homogenous,,,,,,,,,,,,,,,,
4,3,1,0.624,0.615384615,1.377600891,1.76049503,0.87573006,Fixed and homogenous,,,,,,,,,,,,,,,,
5,1,1,0.6,0.538461538,1.272583823,1.614330835,1.000455879,Fixed and homogenous,,,,,,,,,,,,,,,,
6,9,1,0.52,0.461538462,1.288295417,1.573402452,1.163662384,Fixed and homogenous,,,,,,,,,,,,,,,,
7,12,1,0.512,0.384615385,1.229403082,1.238901257,1.329707232,Fixed and homogenous,,,,,,,,,,,,,,,,
8,10,1,0.464,0.307692308,1.218899356,1.140115679,1.571950535,Fixed and homogenous,,,,,,,,,,,,,,,,
9,2,1,0.416,0.230769231,0.97954382,0.779349837,1.888357479,Fixed and homogenous,,,,,,,,,,,,,,,,
10,6,1,0.264,0.153846154,0.832722637,0.619382195,2.405516006,Fixed and homogenous,,,,,,,,,,,,,,,,
11,8,1,0.144,0.076923077,0.594619344,0.391243564,3.449057477,Fixed and homogenous,,,,,,,,,,,,,,,,
12,5,1,0,0,0,0,3.333333333,Fixed and homogenous,,,,,,,,,,,,,,,,
,,,,,,,,,,,,,,,,,,,,,,,,
,,,,,,,,,,,,,,,,,,,,,,,,
Experiment #:,14,,,,,,,,,,,,,,,,,,,,,,,
Rule:,2.23E+11,,,,,,,,,,,,,,,,,,,,,,,
Step,Entry Zeroed,Class,Lambda,Lambda_t,H,H_t,Zeta,Observations,,,,,,,,,,,,,,,,
0,-,3,0.992,0.923076923,1.91176831,2.075869297,0.609369496,Chaotic and no pattern,,,,,,,,,,,,,,,,
1,1,3,0.968,0.846153846,2.008787104,2.199687795,0.718587409,Chaotic and no pattern,,,,,,,,,,,,,,,,
2,10,3,0.92,0.769230769,2.120390367,2.23739741,0.831228617,Chaotic and no pattern,,,,,,,,,,,,,,,,
3,8,3,0.8,0.692307692,2.174014062,2.199687795,0.951317552,Chaotic and no pattern,,,,,,,,,,,,,,,,
4,2,3,0.752,0.615384615,2.120390367,2.075869297,1.083109843,Chaotic and no pattern,,,,,,,,,,,,,,,,
5,12,3,0.744,0.538461538,2.121440404,1.987773371,1.249745338,Chaotic and no pattern,,,,,,,,,,,,,,,,
6,7,3,0.6,0.461538462,2.055034094,1.88109476,1.361071001,Chaotic and no pattern,,,,,,,,,,,,,,,,
7,6,3,0.448,0.384615385,1.855634091,1.700439718,1.588486007,Chaotic and no pattern,,,,,,,,,,,,,,,,
8,11,3,0.424,0.307692308,1.811102917,1.505876256,1.764137283,Chaotic and no pattern,,,,,,,,,,,,,,,,
9,4,3,0.304,0.230769231,1.349517916,1.145110414,2.094373392,Chaotic and no pattern,,,,,,,,,,,,,,,,
10,9,3,0.224,0.153846154,0.978028471,0.773228349,2.728263839,Chaotic and no pattern,,,,,,,,,,,,,,,,
11,3,1,0.144,0.076923077,0.594619344,0.391243564,3.427411234,Fixed and homogenous,,,,,,,,,,,,,,,,
12,5,1,0,0,0,0,3.333333333,Fixed and homogenous,,,,,,,,,,,,,,,,
,,,,,,,,,,,,,,,,,,,,,,,,
,,,,,,,,,,,,,,,,,,,,,,,,
Experiment #:,15,,,,,,,,,,,,,,,,,,,,,,,
Rule:,3.43E+11,,,,,,,,,,,,,,,,,,,,,,,
Step,Entry Zeroed,Class,Lambda,Lambda_t,H,H_t,Zeta,Observations,,,,,,,,,,,,,,,,
0,-,3,0.992,0.923076923,1.631006905,2.133937566,0.556778524,Chaotic and no pattern,,,,,,,,,,,,,,,,
1,5,3,0.848,0.846153846,2.049740014,2.257756064,0.663963676,Chaotic and no pattern,,,,,,,,,,,,,,,,
2,9,3,0.768,0.769230769,2.059104763,2.257756064,0.772854808,Chaotic and no pattern,,,,,,,,,,,,,,,,
3,6,3,0.616,0.692307692,2.086379134,2.257756064,0.891235288,Chaotic and no pattern,,,,,,,,,,,,,,,,
4,11,3,0.592,0.615384615,2.020811595,2.133937566,0.969715853,Chaotic and no pattern,,,,,,,,,,,,,,,,
5,4,3,0.472,0.538461538,1.88182595,2.045841641,1.106211536,Chaotic and no pattern,,,,,,,,,,,,,,,,
6,2,3,0.424,0.461538462,1.7884717,1.88109476,1.271973157,Chaotic and no pattern,,,,,,,,,,,,,,,,
7,1,3,0.4,0.384615385,1.724148769,1.700439718,1.498198265,Chaotic and no pattern,,,,,,,,,,,,,,,,
8,3,1,0.32,0.307692308,1.368808395,1.352030102,1.801970112,Fixed and homogenous,,,,,,,,,,,,,,,,
9,10,1,0.272,0.230769231,1.113597933,0.991264261,2.031944666,Fixed and homogenous,,,,,,,,,,,,,,,,
10,8,1,0.152,0.153846154,0.614822757,0.619382195,2.432991235,Fixed and homogenous,,,,,,,,,,,,,,,,
11,12,1,0.144,0.076923077,0.594619344,0.391243564,3.442762858,Fixed and homogenous,,,,,,,,,,,,,,,,
12,7,1,0,0,0,0,3.333333333,Fixed and homogenous,,,,,,,,,,,,,,,,
,,,,,,,,,,,,,,,,,,,,,,,,
,,,,,,,,,,,,,,,,,,,,,,,,
Experiment #:,16,,,,,,,,,,,,,,,,,,,,,,,
Rule:,3.13E+11,,,,,,,,,,,,,,,,,,,,,,,
Step,Entry Zeroed,Class,Lambda,Lambda_t,H,H_t,Zeta,Observations,,,,,,,,,,,,,,,,
0,-,1,0.992,0.923076923,1.879999264,1.987773371,0.504143589,Fixed and homogenous,,,,,,,,,,,,,,,,
1,9,1,0.912,0.846153846,2.14684172,2.133937566,0.622748987,Fixed and homogenous,,,,,,,,,,,,,,,,
2,11,1,0.888,0.769230769,2.191653429,2.199687795,0.741541393,Fixed and homogenous,,,,,,,,,,,,,,,,
3,1,1,0.864,0.692307692,2.210258499,2.16197818,0.869015068,Fixed and homogenous,,,,,,,,,,,,,,,,
4,7,3,0.72,0.615384615,2.273982669,2.133937566,1.0076057,Chaotic and no pattern,,,,,,,,,,,,,,,,
5,3,2,0.64,0.538461538,2.193059166,1.987773371,1.170754748,"Mixed of periodic and homogenous, but periodic pattern dominants",,,,,,,,,,,,,,,,
6,6,1,0.488,0.461538462,1.918605866,1.88109476,1.361071001,Fixed and homogenous,,,,,,,,,,,,,,,,
7,8,1,0.368,0.384615385,1.475443305,1.546593564,1.571950535,Fixed and homogenous,,,,,,,,,,,,,,,,
8,10,1,0.32,0.307692308,1.258258776,1.352030102,1.888357479,Fixed and homogenous,,,,,,,,,,,,,,,,
9,2,1,0.272,0.230769231,1.158813715,1.145110414,2.127883833,Fixed and homogenous,,,,,,,,,,,,,,,,
10,5,1,0.128,0.153846154,0.595100682,0.773228349,2.423984807,Fixed and homogenous,,,,,,,,,,,,,,,,
11,12,1,0.12,0.076923077,0.529360865,0.391243564,3.449057477,Fixed and homogenous,,,,,,,,,,,,,,,,
12,4,1,0,0,0,0,3.333333333,Fixed and homogenous,,,,,,,,,,,,,,,,
,,,,,,,,,,,,,,,,,,,,,,,,
,,,,,,,,,,,,,,,,,,,,,,,,
Experiment #:,17,,,,,,,,,,,,,,,,,,,,,,,
Rule:,2.24E+11,,,,,,,,,,,,,,,,,,,,,,,
Step,Entry Zeroed,Class,Lambda,Lambda_t,H,H_t,Zeta,Observations,,,,,,,,,,,,,,,,
0,-,3,0.992,0.923076923,1.871952924,2.10390991,0.49572596,Chaotic and no pattern,,,,,,,,,,,,,,,,
1,3,3,0.912,0.846153846,2.111255341,2.199687795,0.608905908,Chaotic and no pattern,,,,,,,,,,,,,,,,
2,1,3,0.888,0.769230769,2.152879657,2.23739741,0.714112926,Chaotic and no pattern,,,,,,,,,,,,,,,,
3,9,3,0.808,0.692307692,1.964744856,1.987773371,0.779479286,Chaotic and no pattern,,,,,,,,,,,,,,,,
4,7,3,0.664,0.615384615,1.921708202,1.922023143,0.904208347,Chaotic and no pattern,,,,,,,,,,,,,,,,
5,10,3,0.616,0.538461538,1.871987512,1.833927218,1.051958886,Chaotic and no pattern,,,,,,,,,,,,,,,,
6,4,3,0.496,0.461538462,1.778309783,1.727248606,1.198283924,Chaotic and no pattern,,,,,,,,,,,,,,,,
7,5,3,0.352,0.384615385,1.328321045,1.546593564,1.403364726,Chaotic and no pattern,,,,,,,,,,,,,,,,
8,6,3,0.2,0.307692308,0.926151933,1.352030102,1.620319496,Pattern but mostly chaotic,,,,,,,,,,,,,,,,
9,11,3,0.176,0.230769231,0.863202779,1.145110414,1.970676308,Pattern but mostly chaotic,,,,,,,,,,,,,,,,
10,2,1,0.128,0.153846154,0.595100682,0.773228349,2.423984807,Fixed and homogenous,,,,,,,,,,,,,,,,
11,8,1,0.008,0.076923077,0.067221545,0.391243564,3.449057477,Fixed and homogenous,,,,,,,,,,,,,,,,
12,12,1,0,0,0,0,3.333333333,Fixed and homogenous,,,,,,,,,,,,,,,,
,,,,,,,,,,,,,,,,,,,,,,,,
,,,,,,,,,,,,,,,,,,,,,,,,
Experiment #:,18,,,,,,,,,,,,,,,,,,,,,,,
Rule:,3.23E+11,,,,,,,,,,,,,,,,,,,,,,,
Step,Entry Zeroed,Class,Lambda,Lambda_t,H,H_t,Zeta,Observations,,,,,,,,,,,,,,,,
0,-,3,0.992,0.923076923,1.575259597,1.987773371,0.498730058,Chaotic,,,,,,,,,,,,,,,,
1,11,3,0.968,0.846153846,1.549298697,1.833927218,0.59576374,Chaotic,,,,,,,,,,,,,,,,
2,6,4,0.816,0.769230769,1.883877984,1.922023143,0.715145302,Has some localized periodic pattern,,,,,,,,,,,,,,,,
3,2,3,0.768,0.692307692,1.906487238,1.884313528,0.834639802,Chaotic,,,,,,,,,,,,,,,,
4,1,3,0.744,0.615384615,1.920344307,1.884313528,0.970796376,Chaotic,,,,,,,,,,,,,,,,
5,4,3,0.624,0.538461538,1.843069746,1.738149333,1.118327417,Chaotic,,,,,,,,,,,,,,,,
6,8,3,0.504,0.461538462,1.772982124,1.669180337,1.301308103,Chaotic,,,,,,,,,,,,,,,,
7,7,3,0.36,0.384615385,1.280698713,1.334679141,1.518876207,Chaotic,,,,,,,,,,,,,,,,
8,10,3,0.312,0.307692308,1.151708295,1.140115679,1.688939058,Chaotic,,,,,,,,,,,,,,,,
9,12,3,0.304,0.230769231,1.138893861,0.991264261,2.080006398,Chaotic,,,,,,,,,,,,,,,,
10,3,1,0.224,0.153846154,0.978028471,0.773228349,2.728263839,Fixed and homogenous,,,,,,,,,,,,,,,,
11,9,1,0.144,0.076923077,0.594619344,0.391243564,3.449057477,Fixed and homogenous,,,,,,,,,,,,,,,,
12,5,1,0,0,0,0,3.333333333,Fixed and homogenous,,,,,,,,,,,,,,,,
,,,,,,,,,,,,,,,,,,,,,,,,
,,,,,,,,,,,,,,,,,,,,,,,,
Experiment #:,19,,,,,,,,,,,,,,,,,,,,,,,
Rule:,3.42E+11,,,,,,,,,,,,,,,,,,,,,,,
Step,Entry Zeroed,Class,Lambda,Lambda_t,H,H_t,Zeta,Observations,,,,,,,,,,,,,,,,
0,-,3,0.992,0.923076923,1.888638497,2.16197818,0.55304871,Chaotic,,,,,,,,,,,,,,,,
1,4,3,0.872,0.846153846,1.990469624,2.16197818,0.616612618,Chaotic,,,,,,,,,,,,,,,,
2,6,1,0.72,0.769230769,2.059219071,2.199687795,0.730496055,Fixed and homogenous,,,,,,,,,,,,,,,,
3,11,1,0.696,0.692307692,2.066084076,2.199687795,0.840879782,Fixed and homogenous,,,,,,,,,,,,,,,,
4,10,1,0.648,0.615384615,1.863812311,1.922023143,0.911375545,Fixed and homogenous,,,,,,,,,,,,,,,,
5,3,1,0.568,0.538461538,1.834335868,1.833927218,1.03453377,Fixed and homogenous,,,,,,,,,,,,,,,,
6,8,1,0.448,0.461538462,1.679792616,1.669180337,1.171318273,Fixed and homogenous,,,,,,,,,,,,,,,,
7,2,1,0.4,0.384615385,1.597493157,1.546593564,1.367828681,Fixed and homogenous,,,,,,,,,,,,,,,,
8,1,1,0.376,0.307692308,1.53178487,1.352030102,1.620319496,Fixed and homogenous,,,,,,,,,,,,,,,,
9,5,1,0.232,0.230769231,0.997093854,0.991264261,1.896205718,Fixed and homogenous,,,,,,,,,,,,,,,,
10,9,1,0.152,0.153846154,0.614822757,0.619382195,2.391139814,Fixed and homogenous,,,,,,,,,,,,,,,,
11,12,1,0.144,0.076923077,0.594619344,0.391243564,3.452484387,Fixed and homogenous,,,,,,,,,,,,,,,,
12,7,1,0,0,0,0,3.333333333,Fixed and homogenous,,,,,,,,,,,,,,,,
,,,,,,,,,,,,,,,,,,,,,,,,
,,,,,,,,,,,,,,,,,,,,,,,,
Experiment #:,20,,,,,,,,,,,,,,,,,,,,,,,
Rule:,3.43E+11,,,,,,,,,,,,,,,,,,,,,,,
Step,Entry Zeroed,Class,Lambda,Lambda_t,H,H_t,Zeta,Observations,,,,,,,,,,,,,,,,
0,-,3,0.992,0.923076923,1.85011352,2.133937566,0.556778524,Chaotic,,,,,,,,,,,,,,,,
1,1,3,0.968,0.846153846,1.944321824,2.257756064,0.677717287,Chaotic,,,,,,,,,,,,,,,,
2,2,3,0.92,0.769230769,1.899779452,2.199687795,0.783641999,Chaotic,,,,,,,,,,,,,,,,
3,5,2,0.776,0.692307692,2.044509494,2.16197818,0.859506853,Has some periodic pattern line,,,,,,,,,,,,,,,,
4,9,1,0.696,0.615384615,2.002365335,2.038159682,0.93789916,Fixed and homogenous,,,,,,,,,,,,,,,,
5,6,3,0.544,0.538461538,1.852900474,1.891995487,1.072387245,Chaotic,,,,,,,,,,,,,,,,
6,12,3,0.536,0.461538462,1.794595138,1.573402452,1.224816685,Chaotic,,,,,,,,,,,,,,,,
7,4,3,0.416,0.384615385,1.366667649,1.238901257,1.416245088,Chaotic,,,,,,,,,,,,,,,,
8,3,1,0.336,0.307692308,1.251976102,1.140115679,1.688939058,Fixed and homogenous,,,,,,,,,,,,,,,,
9,11,1,0.312,0.230769231,1.206135606,0.991264261,2.080006398,Fixed and homogenous,,,,,,,,,,,,,,,,
10,10,1,0.264,0.153846154,1.095146613,0.773228349,2.728263839,Fixed and homogenous,,,,,,,,,,,,,,,,
11,7,1,0.12,0.076923077,0.529360865,0.391243564,3.449057477,Fixed and homogenous,,,,,,,,,,,,,,,,
12,8,1,0,0,0,0,3.333333333,Fixed and homogenous,,,,,,,,,,,,,,,,
,,,,,,,,,,,,,,,,,,,,,,,,
,,,,,,,,,,,,,,,,,,,,,,,,
Experiment #:,21,,,,,,,,,,,,,,,,,,,,,,,
Rule:,1.14E+11,,,,,,,,,,,,,,,,,,,,,,,
Step,Entry Zeroed,Class,Lambda,Lambda_t,H,H_t,Zeta,Observations,,,,,,,,,,,,,,,,
0,-,2,0.992,0.923076923,1.72917612,2.038159682,0.689526836,Periodic and sustain little bit later,,,,,,,,,,,,,,,,
1,7,2,0.848,0.846153846,2.126596993,2.133937566,0.802610368,Periodic and sustain little bit later,,,,,,,,,,,,,,,,
2,6,3,0.696,0.769230769,2.188589917,2.133937566,0.916044492,Chaotic and no pattern,,,,,,,,,,,,,,,,
3,8,3,0.576,0.692307692,1.824148479,1.884313528,1.064097213,Chaotic and no pattern,,,,,,,,,,,,,,,,
4,11,3,0.552,0.615384615,1.805158052,1.884313528,1.163904139,Chaotic and no pattern,,,,,,,,,,,,,,,,
5,9,3,0.472,0.538461538,1.519842944,1.738149333,1.341209173,Chaotic and no pattern,,,,,,,,,,,,,,,,
6,3,3,0.392,0.461538462,1.388921413,1.573402452,1.52648891,Chaotic and no pattern,,,,,,,,,,,,,,,,
7,5,3,0.248,0.384615385,0.859079725,1.238901257,1.493929773,Chaotic and no pattern,,,,,,,,,,,,,,,,
8,12,3,0.24,0.307692308,0.795040279,0.89049164,1.662870159,Chaotic and no pattern,,,,,,,,,,,,,,,,
9,10,3,0.192,0.230769231,0.705636606,0.779349837,1.999181586,Chaotic and no pattern,,,,,,,,,,,,,,,,
10,4,3,0.072,0.153846154,0.373343321,0.619382195,2.506450109,Chaotic and no pattern,,,,,,,,,,,,,,,,
11,1,1,0.048,0.076923077,0.277839574,0.391243564,3.427411234,Fixed and homogenous,,,,,,,,,,,,,,,,
12,2,1,0,0,0,0,3.333333333,Fixed and homogenous,,,,,,,,,,,,,,,,
,,,,,,,,,,,,,,,,,,,,,,,,
,,,,,,,,,,,,,,,,,,,,,,,,
Experiment #:,22,,,,,,,,,,,,,,,,,,,,,,,
Rule:,4.23E+11,,,,,,,,,,,,,,,,,,,,,,,
Step,Entry Zeroed,Class,Lambda,Lambda_t,H,H_t,Zeta,Observations,,,,,,,,,,,,,,,,
0,-,3,0.992,0.923076923,1.884619331,2.075869297,0.599282812,Chaotic and no pattern,,,,,,,,,,,,,,,,
1,7,3,0.848,0.846153846,2.03775545,2.133937566,0.70088845,Chaotic and no pattern,,,,,,,,,,,,,,,,
2,8,3,0.728,0.769230769,2.089438112,2.199687795,0.822132552,Chaotic and no pattern,,,,,,,,,,,,,,,,
3,9,3,0.648,0.692307692,2.089438112,2.16197818,0.890400778,Chaotic and no pattern,,,,,,,,,,,,,,,,
4,2,3,0.6,0.615384615,1.943811066,2.038159682,1.009658555,Chaotic and no pattern,,,,,,,,,,,,,,,,
5,1,4,0.576,0.538461538,1.920791534,1.987773371,1.170754748,Though has some chaotic characteristics but also has localized periodic pattern,,,,,,,,,,,,,,,,
6,5,2,0.432,0.461538462,1.627932805,1.88109476,1.361071001,Periodic and tilted version,,,,,,,,,,,,,,,,
7,4,3,0.312,0.384615385,1.437823928,1.700439718,1.483664882,Chaotic with some pattern,,,,,,,,,,,,,,,,
8,3,1,0.232,0.307692308,1.067597126,1.352030102,1.779953113,Fixed and homogenous,,,,,,,,,,,,,,,,
9,11,1,0.208,0.230769231,0.912436984,0.991264261,2.12510736,Fixed and homogenous,,,,,,,,,,,,,,,,
10,12,1,0.2,0.153846154,0.880936151,0.773228349,2.838589981,Fixed and homogenous,,,,,,,,,,,,,,,,
11,10,1,0.152,0.076923077,0.614822757,0.391243564,3.427411234,Fixed and homogenous,,,,,,,,,,,,,,,,
12,6,1,0,0,0,0,3.333333333,Fixed and homogenous,,,,,,,,,,,,,,,,
,,,,,,,,,,,,,,,,,,,,,,,,
,,,,,,,,,,,,,,,,,,,,,,,,
Experiment #:,23,,,,,,,,,,,,,,,,,,,,,,,
Rule:,4.23E+11,,,,,,,,,,,,,,,,,,,,,,,
Step,Entry Zeroed,Class,Lambda,Lambda_t,H,H_t,Zeta,Observations,,,,,,,,,,,,,,,,
0,-,3,0.992,0.923076923,1.896485361,2.199687795,0.593198728,Chaotic and no pattern,,,,,,,,,,,,,,,,
1,3,3,0.912,0.846153846,1.979977178,2.199687795,0.714112926,Chaotic and no pattern,,,,,,,,,,,,,,,,
2,5,3,0.768,0.769230769,2.159155648,2.199687795,0.779479286,Chaotic and no pattern,,,,,,,,,,,,,,,,
3,1,3,0.744,0.692307692,2.145382221,2.199687795,0.904208347,Chaotic and no pattern,,,,,,,,,,,,,,,,
4,6,3,0.592,0.615384615,2.052561678,2.075869297,0.979891355,Chaotic and no pattern,,,,,,,,,,,,,,,,
5,11,3,0.568,0.538461538,2.014484799,1.987773371,1.127907672,Chaotic and no pattern,,,,,,,,,,,,,,,,
6,12,3,0.56,0.461538462,1.999971054,1.823026491,1.28997057,Chaotic and no pattern,,,,,,,,,,,,,,,,
7,7,3,0.416,0.384615385,1.529380986,1.488525295,1.416245088,Chaotic and no pattern,,,,,,,,,,,,,,,,
8,4,3,0.296,0.307692308,1.313439354,1.352030102,1.654954238,Chaotic and no pattern,,,,,,,,,,,,,,,,
9,10,3,0.248,0.230769231,1.055906597,0.991264261,2.031944666,Chaotic and no pattern,,,,,,,,,,,,,,,,
10,2,1,0.2,0.153846154,0.916118214,0.773228349,2.545638427,Fixed and homogenous,,,,,,,,,,,,,,,,
11,8,1,0.08,0.076923077,0.40217919,0.391243564,3.442762858,Fixed and homogenous,,,,,,,,,,,,,,,,
12,9,1,0,0,0,0,3.333333333,Fixed and homogenous,,,,,,,,,,,,,,,,
,,,,,,,,,,,,,,,,,,,,,,,,
,,,,,,,,,,,,,,,,,,,,,,,,
Experiment #:,24,,,,,,,,,,,,,,,,,,,,,,,
Rule:,3.43E+11,,,,,,,,,,,,,,,,,,,,,,,
Step,Entry Zeroed,Class,Lambda,Lambda_t,H,H_t,Zeta,Observations,,,,,,,,,,,,,,,,
0,-,3,0.992,0.923076923,1.700741536,1.88109476,0.487416375,Chaotic and no pattern,,,,,,,,,,,,,,,,
1,7,3,0.848,0.846153846,1.951369769,1.88109476,0.556778524,Chaotic and no pattern,,,,,,,,,,,,,,,,
2,10,3,0.8,0.769230769,2.019869878,1.987773371,0.677717287,Chaotic and no pattern,,,,,,,,,,,,,,,,
3,4,3,0.68,0.692307692,2.090042073,2.038159682,0.802610368,Chaotic and no pattern,,,,,,,,,,,,,,,,
4,1,3,0.656,0.615384615,2.088331081,2.038159682,0.93789916,Chaotic and no pattern,,,,,,,,,,,,,,,,
5,11,3,0.632,0.538461538,2.081466076,1.987773371,1.090900655,Chaotic and no pattern,,,,,,,,,,,,,,,,
6,12,3,0.624,0.461538462,2.070827249,1.823026491,1.249745338,Chaotic and no pattern,,,,,,,,,,,,,,,,
7,2,3,0.576,0.384615385,1.854792585,1.488525295,1.436030872,Chaotic and no pattern,,,,,,,,,,,,,,,,
8,6,3,0.424,0.307692308,1.375239039,1.140115679,1.588486007,Chaotic and no pattern,,,,,,,,,,,,,,,,
9,5,3,0.28,0.230769231,0.855450811,0.779349837,1.888357479,Chaotic and no pattern,,,,,,,,,,,,,,,,
10,8,3,0.16,0.153846154,0.634309555,0.619382195,2.405516006,Chaotic and no pattern,,,,,,,,,,,,,,,,
11,3,1,0.08,0.076923077,0.40217919,0.391243564,3.449057477,Fixed and homogenous,,,,,,,,,,,,,,,,
12,9,1,0,0,0,0,3.333333333,Fixed and homogenous,,,,,,,,,,,,,,,,
,,,,,,,,,,,,,,,,,,,,,,,,
,,,,,,,,,,,,,,,,,,,,,,,,
Experiment #:,25,,,,,,,,,,,,,,,,,,,,,,,
Rule:,3.41E+11,,,,,,,,,,,,,,,,,,,,,,,
Step,Entry Zeroed,Class,Lambda,Lambda_t,H,H_t,Zeta,Observations,,,,,,,,,,,,,,,,
0,-,2,0.992,0.923076923,1.753494073,2.199687795,0.637296781,Little bit periodic,,,,,,,,,,,,,,,,
1,1,2,0.968,0.846153846,1.753494073,2.199687795,0.760141788,Little bit periodic,,,,,,,,,,,,,,,,
2,4,2,0.848,0.769230769,2.005077399,2.23739741,0.831228617,Fisrt localixzed and then sustained pereiodic pattern,,,,,,,,,,,,,,,,
3,7,2,0.704,0.692307692,1.942261528,2.199687795,0.951975001,Fisrt localixzed and then sustained pereiodic pattern,,,,,,,,,,,,,,,,
4,3,4,0.624,0.615384615,1.914256778,2.133937566,1.037384617,Localized periodic pattern,,,,,,,,,,,,,,,,
5,9,4,0.544,0.538461538,1.819362642,1.987773371,1.127907672,Localized periodic pattern,,,,,,,,,,,,,,,,
6,11,4,0.52,0.461538462,1.802061306,1.88109476,1.290386409,Localized periodic pattern,,,,,,,,,,,,,,,,
7,2,1,0.472,0.384615385,1.666006897,1.700439718,1.498198265,Fixed and homogenous,,,,,,,,,,,,,,,,
8,10,1,0.424,0.307692308,1.427648391,1.352030102,1.708987463,Fixed and homogenous,,,,,,,,,,,,,,,,
9,6,1,0.272,0.230769231,1.158813715,1.145110414,2.094373392,Fixed and homogenous,,,,,,,,,,,,,,,,
10,8,1,0.152,0.153846154,0.660038539,0.773228349,2.728263839,Fixed and homogenous,,,,,,,,,,,,,,,,
11,5,1,0.008,0.076923077,0.067221545,0.391243564,3.449057477,Fixed and homogenous,,,,,,,,,,,,,,,,
12,12,1,0,0,0,0,3.333333333,Fixed and homogenous,,,,,,,,,,,,,,,,
,,,,,,,,,,,,,,,,,,,,,,,,
,,,,,,,,,,,,,,,,,,,,,,,,
Experiment #:,26,,,,,,,,,,,,,,,,,,,,,,,
Rule:,2.23E+11,,,,,,,,,,,,,,,,,,,,,,,
Step,Entry Zeroed,Class,Lambda,Lambda_t,H,H_t,Zeta,Observations,,,,,,,,,,,,,,,,
0,-,3,0.992,0.923076923,1.878265283,2.10390991,0.487170696,Chaotic and no pattern,,,,,,,,,,,,,,,,
1,3,3,0.912,0.846153846,2.138226772,2.199687795,0.608905908,Chaotic and no pattern,,,,,,,,,,,,,,,,
2,10,3,0.864,0.769230769,2.13300756,2.23739741,0.714112926,Chaotic and no pattern,,,,,,,,,,,,,,,,
3,11,2,0.84,0.692307692,2.154612364,2.199687795,0.831228617,Chaotic and no pattern,,,,,,,,,,,,,,,,
4,2,1,0.792,0.615384615,2.070183646,2.133937566,0.951317552,Fixed and homogenous,,,,,,,,,,,,,,,,
5,8,1,0.672,0.538461538,2.021848897,1.987773371,1.090900655,Fixed and homogenous,,,,,,,,,,,,,,,,
6,12,2,0.664,0.461538462,1.9932682,1.823026491,1.249745338,Periodic though has some homogenous state ,,,,,,,,,,,,,,,,
7,4,1,0.544,0.384615385,1.939957347,1.700439718,1.470110255,Fixed and homogenous,,,,,,,,,,,,,,,,
8,9,1,0.464,0.307692308,1.829697996,1.505876256,1.764137283,Fixed and homogenous,,,,,,,,,,,,,,,,
9,7,1,0.32,0.230769231,1.323205166,1.145110414,1.970676308,Fixed and homogenous,,,,,,,,,,,,,,,,
10,5,1,0.176,0.153846154,0.772383768,0.773228349,2.467532468,Fixed and homogenous,,,,,,,,,,,,,,,,
11,6,1,0.024,0.076923077,0.163345543,0.391243564,3.442762858,Fixed and homogenous,,,,,,,,,,,,,,,,
12,1,1,0,0,0,0,3.333333333,Fixed and homogenous,,,,,,,,,,,,,,,,
,,,,,,,,,,,,,,,,,,,,,,,,
,,,,,,,,,,,,,,,,,,,,,,,,
Experiment #:,27,,,,,,,,,,,,,,,,,,,,,,,
Rule:,3.44E+11,,,,,,,,,,,,,,,,,,,,,,,
Step,Entry Zeroed,Class,Lambda,Lambda_t,H,H_t,Zeta,Observations,,,,,,,,,,,,,,,,
0,-,3,0.992,0.923076923,1.624162412,2.075869297,0.562822625,Chaotic and no pattern,,,,,,,,,,,,,,,,
1,10,3,0.944,0.846153846,1.746794136,2.133937566,0.681737854,Chaotic and no pattern,,,,,,,,,,,,,,,,
2,7,3,0.8,0.769230769,1.931058071,2.133937566,0.742359053,Chaotic and no pattern,,,,,,,,,,,,,,,,
3,4,4,0.68,0.692307692,1.990080627,2.16197818,0.869015068,Localized periodic pattern,,,,,,,,,,,,,,,,
4,12,4,0.672,0.615384615,1.93582056,1.884313528,0.984650815,Localized periodic pattern,,,,,,,,,,,,,,,,
5,11,4,0.648,0.538461538,1.930548407,1.833927218,1.142717018,Localized periodic pattern,,,,,,,,,,,,,,,,
6,8,1,0.528,0.461538462,1.638090918,1.669180337,1.331984538,Fixed and homogenous,,,,,,,,,,,,,,,,
7,9,1,0.448,0.384615385,1.51917124,1.488525295,1.440873313,Fixed and homogenous,,,,,,,,,,,,,,,,
8,2,1,0.4,0.307692308,1.462933179,1.352030102,1.72315881,Fixed and homogenous,,,,,,,,,,,,,,,,
9,1,1,0.376,0.230769231,1.316172509,0.991264261,2.12510736,Fixed and homogenous,,,,,,,,,,,,,,,,
10,6,1,0.224,0.153846154,0.978028471,0.773228349,2.838589981,Fixed and homogenous,,,,,,,,,,,,,,,,
11,5,1,0.08,0.076923077,0.40217919,0.391243564,3.452484387,Fixed and homogenous,,,,,,,,,,,,,,,,
12,3,1,0,0,0,0,3.333333333,Fixed and homogenous,,,,,,,,,,,,,,,,
,,,,,,,,,,,,,,,,,,,,,,,,
,,,,,,,,,,,,,,,,,,,,,,,,
Experiment #:,28,,,,,,,,,,,,,,,,,,,,,,,
Rule:,1.24E+11,,,,,,,,,,,,,,,,,,,,,,,
Step,Entry Zeroed,Class,Lambda,Lambda_t,H,H_t,Zeta,Observations,,,,,,,,,,,,,,,,
0,-,2,0.992,0.923076923,1.485772474,2.038159682,0.675102537,Periodic,,,,,,,,,,,,,,,,
1,12,2,0.984,0.846153846,1.469772474,1.884313528,0.797008684,Periodic,,,,,,,,,,,,,,,,
2,2,2,0.936,0.769230769,1.628103658,1.922023143,0.923839491,Periodic,,,,,,,,,,,,,,,,
3,10,2,0.888,0.692307692,1.718316786,1.884313528,1.064097213,Periodic,,,,,,,,,,,,,,,,
4,8,2,0.768,0.615384615,1.879217967,1.884313528,1.163904139,Periodic,,,,,,,,,,,,,,,,
5,11,2,0.744,0.538461538,1.845361041,1.738149333,1.302049796,Periodic,,,,,,,,,,,,,,,,
6,6,3,0.592,0.461538462,1.752540498,1.573402452,1.52648891,Chaotic,,,,,,,,,,,,,,,,
7,5,3,0.448,0.384615385,1.295453737,1.238901257,1.823599523,Chaotic,,,,,,,,,,,,,,,,
8,4,3,0.328,0.307692308,1.175752044,1.140115679,2.080006398,Chaotic,,,,,,,,,,,,,,,,
9,1,1,0.304,0.230769231,1.138893861,0.991264261,2.405516006,Fixed and homogenous,,,,,,,,,,,,,,,,
10,9,1,0.224,0.153846154,0.978028471,0.773228349,2.838589981,Fixed and homogenous,,,,,,,,,,,,,,,,
11,7,1,0.08,0.076923077,0.40217919,0.391243564,3.452484387,Fixed and homogenous,,,,,,,,,,,,,,,,
12,3,1,0,0,0,0,3.333333333,Fixed and homogenous,,,,,,,,,,,,,,,,
,,,,,,,,,,,,,,,,,,,,,,,,
,,,,,,,,,,,,,,,,,,,,,,,,
Experiment #:,29,,,,,,,,,,,,,,,,,,,,,,,
Rule:,1.43E+11,,,,,,,,,,,,,,,,,,,,,,,
Step,Entry Zeroed,Class,Lambda,Lambda_t,H,H_t,Zeta,Observations,,,,,,,,,,,,,,,,
0,-,3,0.992,0.923076923,1.894524717,2.199687795,0.597076448,Chaotic and no pattern,,,,,,,,,,,,,,,,
1,10,3,0.944,0.846153846,1.939067088,2.257756064,0.663963676,Chaotic and no pattern,,,,,,,,,,,,,,,,
2,8,3,0.824,0.769230769,2.101206572,2.295465679,0.772216144,Chaotic and no pattern,,,,,,,,,,,,,,,,
3,9,3,0.744,0.692307692,2.08244484,2.257756064,0.885517964,Chaotic and no pattern,,,,,,,,,,,,,,,,
4,12,3,0.736,0.615384615,2.056685692,2.133937566,0.958474223,Chaotic and no pattern,,,,,,,,,,,,,,,,
5,7,3,0.592,0.538461538,2.005562054,2.045841641,1.106211536,Chaotic and no pattern,,,,,,,,,,,,,,,,
6,11,3,0.568,0.461538462,1.965442521,1.88109476,1.26163125,Chaotic and no pattern,,,,,,,,,,,,,,,,
7,1,3,0.544,0.384615385,1.829795176,1.546593564,1.367828681,Chaotic and no pattern,,,,,,,,,,,,,,,,
8,3,3,0.464,0.307692308,1.719535825,1.352030102,1.620319496,Chaotic and no pattern,,,,,,,,,,,,,,,,
9,6,3,0.312,0.230769231,1.195374462,0.991264261,1.971446207,Chaotic and no pattern,,,,,,,,,,,,,,,,
10,4,1,0.192,0.153846154,0.705636606,0.619382195,2.391139814,Fixed and homogenous,,,,,,,,,,,,,,,,
11,2,1,0.144,0.076923077,0.594619344,0.391243564,3.452484387,Fixed and homogenous,,,,,,,,,,,,,,,,
12,5,1,0,0,0,0,3.333333333,Fixed and homogenous,,,,,,,,,,,,,,,,
